Cust Name,E-mail,phone_no,Dest.,Booked On,travel dt,Price,STATUS
Aimee Khare,,00971560983738,Singapore,2026-06-03,11 Oct 26,5.9k,Confirmed
Nathan Mohanty,nathan.mohanty@hotmail.co.uk,+971 55 570 7197,Istanbul,23/01/2026,28/02/2026,14200,Pending
ALEXANDER DATE,alexander.date@hotmail.co.uk,+971 52 115 1225,Paris,9 Feb 26,2026-03-01,"AED 9,400",Confirmed
Gayathri Gandhi,gayathri.gandhi@yahoo.co.uk,052 142 2633,Baku,2026-02-19,2026-07-06,12600,Cancelled
Katy Pandya,katy.pandya@hotmail.com,568683481,London,09/06/2026,2026-09-26,"AED 10,000",Confirmed
Xiti Buckley,xiti.buckley@hotmail.com,+971 52 708 2668,Singapore,31/08/2026,5 Oct 26,4400,Pending
Eta Merchant,eta.merchant@hotmail.com,+971 52 418 6414,Tokyo,2026-03-16,2 Apr 26,"AED 9,600",Cancelled
Beverley Sood,beverley.sood@yahoo.com,553526280,Tbilisi,2026-05-17,24/05/2026,8200,Cancelled
  Aimee  Khare ,aimee.khare@outlook.com,00971560983738,Singapore,3 Jun 26,11 Oct 26,5900,Confirmed
Tanvi Bora,tanvi.bora@gmail.com,564785687,Zurich,27/06/2026,11/10/2026,7.2k,Cancelled
Ricky Upadhyay,,+971 56 421 3115,London,21 Sep 26,2026-11-19,7.2k,Cancelled
Saanvi Sehgal,saanvi.sehgal@yahoo.com,00971506462506,Istanbul,04/07/2026,2026-09-29,"AED 11,600",Confirmed
Stewart Solanki,stewart.solanki@yahoo.com,+971 50 661 0562,London,15/06/2026,28/11/2026,14.1k,Cancelled
Ishaan Matthews,ishaan.matthews@yahoo.com,052 780 1975,Tokyo,2026-08-13,18/09/2026,"AED 14,900",Confirmed
Bryan Evans,bryan.evans@hotmail.com,+971 50 789 0439,Zurich,,2026-04-30,6.9k,Cancelled
Jessica Setty,jessica.setty@yahoo.com,00971559686361,Zurich,2026-03-05,31/07/2026,8000,Confirmed
Nandini Bhatti,nandini.bhatti@gmail.com,00971502871230,Bali,2026-08-09,2027-02-03,7300,Pending
Ganga Sagar,ganga.sagar@yahoo.com,052 954 8001,Singapore,22/03/2026,2026-09-15,10200,Cancelled
Peter Konda,peter.konda@outlook.com,00971504614226,Maldives,24 Feb 26,13 Aug 26,3.3k,Confirmed
Graham Biswas,graham.biswas@hotmail.com,00971504418934,Baku,2026-02-19,7 Apr 26,12.1k,Confirmed
Dakshesh Jackson,dakshesh.jackson@yahoo.com,562351868,Bali,2026-01-23,20/03/2026,"AED 5,300",Pending
Arthur Kakar,arthur.kakar@hotmail.com,052 256 4217,Bali,2026-05-02,2026-10-16,8.1k,Cancelled
Paula Dey,paula.dey@yahoo.com,+971 50 384 1005,Paris,13 Mar 26,2026-03-21,2.3k,Pending
Raksha Dara,raksha.dara@hotmail.com,+971 55 819 7443,London,2026-03-29,2026-08-18,500,Pending
Shivansh Jani,shivansh.jani@yahoo.com,+971 52 677 4229,Tbilisi,16/07/2026,22 Dec 26,"AED 2,200",Confirmed
Ashley Wilson,ashley.wilson@yahoo.co.uk,00971559301497,Maldives,25/03/2026,23 Jun 26,10.8k,Pending
Michael Goda,,00971526426265,Zurich,,2026-10-09,4.3k,Confirmed
Paula Bates,paula.bates@gmail.com,056 548 3562,Singapore,2026-04-18,2026-07-17,5900,Pending
Amrita Korpal,amrita.korpal@gmail.com,565551268,Singapore,19 Apr 26,12 May 26,11100,Confirmed
Faras Keer,faras.keer@hotmail.com,050 503 8571,Phuket,2026-05-11,2026-08-10,"AED 8,500",Pending
Vitti Badal,vritti.badal@yahoo.co.uk,00971556783308,Cairo,25 Apr 26,2026-05-09,10.4k,Confirmed
Joan Fox,joan.fox@yahoo.com,+971 50 404 1154,London,28/01/2026,2026-04-23,"AED 6,600",Cancelled
Dipta Peters,dipta.peters@hotmail.com,+971 56 213 8181,Istanbul,16/07/2026,2026-12-11,4200,Pending
Owen Dubey,owen.dubey@yahoo.co.uk,050 409 8412,Istanbul,2026-03-05,14 Apr 26,9400,Confirmed
Janice Lee,janice.lee@gmail.com,+971 56 530 4573,Paris,16/06/2026,05/12/2026,"AED 8,100",Pending
kathleen deo,kathleen.deo@hotmail.com,052 318 5957,Maldives,27 Jan 26,25 Jun 26,12900,Confirmed
Hemani Sarin,hemani.sarin@hotmail.com,569255661,Baku,30 May 26,2026-08-12,4.6k,Confirmed
Graeme Ranganathan,graeme.ranganathan@gmail.com,00971564348512,Phuket,30 Jan 26,18/03/2026,"AED 12,600",Pending
Owen Oak,owen.oak@hotmail.com,555009888,Singapore,,27 Dec 26,600,Cancelled
Omkaar Abbott,omkaar.abbott@outlook.com,00971507896868,Maldives,6 Feb 26,2026-03-12,10.2k,Pending
Chelsea Edwards,chelsea.edwards@hotmail.com,+971 52 847 8454,Baku,27 Mar 26,26 Apr 26,6000,Confirmed
Jake Deshmukh,jake.deshmukh@hotmail.com,050 394 0441,Maldives,2026-03-12,2026-08-28,"AED 9,000",Confirmed
  Elliot  Jackson ,elliot.jackson@hotmail.co.uk,050 005 9486,Bali,15 Jan 26,2026-05-10,"AED 7,500",Cancelled
Aaron D’Alia,aaron.d’alia@hotmail.com,+971 52 095 4280,Bali,03/08/2026,2026-12-10,13.3k,Confirmed
Mohammed Doyle,mohammed.doyle@outlook.com,050 675 4864,London,13 Aug 26,2 Sep 26,"AED 3,000",Confirmed
Geraldine Thomas,geraldine.thomas@yahoo.com,+971 50 770 7870,Singapore,23/04/2026,1 Oct 26,7.2k,Confirmed
Jai Ward,jai.ward@gmail.com,524606980,London,2026-09-14,1 Feb 27,12.9k,Cancelled
Finn Bahl,finn.bahl@outlook.com,526442089,Singapore,16 May 26,2026-09-16,11100,Confirmed
Ladli Kanda,ladli.kanda@gmail.com,055 272 8882,Tokyo,22 Jan 26,2026-04-10,12.1k,Confirmed
MarieBalay,marie.balay@yahoo.com,509906820,Paris,,2026-03-11,"AED 14,400",Confirmed
Owen Ravi,owen.ravi@gmail.com,00971522726327,Singapore,2026-04-29,18/08/2026,4400,Confirmed
Kathleen Deo,kathleen.deo@hotmail.com,052 318 5957,Maldives,27/01/2026,25/06/2026,"AED 12,900",Confirmed
Ellie Long,ellie.long@yahoo.com,00971550352896,Tbilisi,12 Feb 26,17 Apr 26,"AED 2,100",Confirmed
Chandresh Bell,chandresh.bell@yahoo.co.uk,501818692,Tokyo,27 Jun 26,2026-11-29,"AED 7,200",Cancelled
Janya Sutton,janya.sutton@outlook.com,00971501229110,Baku,22 Sep 26,7 Mar 27,14900,Pending
Georgia Cunningham,georgia.cunningham@outlook.com,056 368 1284,Singapore,09/07/2026,2026-12-02,6100,Pending
Neel Sane,neel.sane@outlook.com,524456272,Bali,13/02/2026,10 Aug 26,"AED 8,500",Cancelled
Ryan Bobal,ryan.bobal@gmail.com,522154051,Baku,19 Apr 26,28/08/2026,"AED 2,200",Confirmed
Vritti Badal,vritti.badal@yahoo.co.uk,00971556783308,Cairo,25 Apr 26,2026-05-09,10.4k,Confirmed
Alexandra Kibe,alexandra.kibe@gmail.com,00971563553384,Zurich,8 Jun 26,21 Aug 26,14k,Pending
Jyoti Butler,jyoti.butler@gmail.com,557425149,Baku,5 Mar 26,2026-04-15,"AED 12,300",Pending
Rosemary Bibi,rosemary.bibi@yahoo.com,00971503965789,Singapore,2026-09-13,2027-02-05,800,Pending
Ekanta Sathe,ekanta.sathe@hotmail.co.uk,056 416 3555,Bali,,11 Nov 26,9k,Cancelled
Jessica Robinson,jessica.robinson@yahoo.com,557106470,Cairo,,27/07/2026,"AED 11,500",Cancelled
Priya Pathak,priya.pathak@gmail.com,00971551110460,Tbilisi,2026-02-23,21 May 26,10.7k,Cancelled
Advik Suri,advik.suri@hotmail.com,055 563 4586,Baku,2026-06-18,6 Sep 26,6.5k,Confirmed
Kim Verma,kim.verma@hotmail.com,526110622,London,1 Sep 26,2026-12-28,0.5k,Cancelled
Naomi Mitchell,naomi.mitchell@hotmail.co.uk,00971507132769,Bali,19 Mar 26,02/05/2026,600,Cancelled
Harsh Palmer,harsh.palmer@gmail.com,056 570 8456,Bali,14 May 26,2026-05-22,4.5k,Confirmed
Jeet Brar,jeet.brar@hotmail.com,+971 50 637 4122,Tokyo,2 Sep 26,04/12/2026,3100,Pending
Carl Edwin,carl.edwin@yahoo.com,+971 55 928 1590,Phuket,21 Aug 26,2027-01-27,12.4k,Cancelled
Upadhriti Apte,upadhriti.apte@hotmail.com,559807725,Tbilisi,2026-09-22,2026-11-03,6800,Pending
Lindsey Agarwal,lindsey.agarwal@gmail.com,+971 52 915 3486,Tokyo,2026-05-22,2026-06-26,2400,Cancelled
Nakul Mittal,nakul.mittal@hotmail.com,+971 50 526 1415,Paris,2026-09-17,2027-02-19,14.3k,Cancelled
Caroline Hayer,caroline.hayer@gmail.com,055 116 4686,Tokyo,2026-07-11,28 Oct 26,8900,Cancelled
Vanessa Bora,vanessa.bora@yahoo.com,00971551338687,London,2026-07-27,14 Aug 26,"AED 6,300",Pending
Keith Chaudhari,keith.chaudhari@gmail.com,524672073,Maldives,2026-09-11,06/10/2026,"AED 13,600",Cancelled
Colin Malhotra,colin.malhotra@gmail.com,050 703 3426,Istanbul,2 Jan 26,6 Jun 26,1.5k,Confirmed
FINN BAHL,finn.bahl@outlook.com,526442089,Singapore,16 May 26,16 Sep 26,11.1k,Confirmed
Abeer Harrison,abeer.harrison@yahoo.com,563698379,Tbilisi,18/04/2026,8 Oct 26,14.4k,Pending
Abbie Lawrence,abbie.lawrence@yahoo.com,+971 55 046 3060,Istanbul,15 Jun 26,30/10/2026,10.7k,Confirmed
Mohammed Sunder,mohammed.sunder@gmail.com,527935169,Maldives,2026-03-25,2026-05-04,"AED 12,600",Confirmed
Jamie Johnson,jamie.johnson@yahoo.co.uk,566637601,Bali,2026-08-20,2026-11-15,"AED 5,900",Pending
Upasna Sastry,upasna.sastry@hotmail.com,00971524002120,Cairo,2026-03-13,2026-05-10,1000,Cancelled
Ladli Balakrishnan,ladli.balakrishnan@yahoo.co.uk,+971 56 979 9226,Tbilisi,2026-05-07,05/07/2026,11.2k,Pending
Vedant Brown,vedant.brown@yahoo.com,00971554727085,Zurich,4 Jun 26,30 Oct 26,4.4k,Pending
Shane Jones,shane.jones@yahoo.co.uk,00971509351717,London,8 Aug 26,2026-12-25,"AED 12,300",Pending
CHELSEA EDWARDS,chelsea.edwards@hotmail.com,+971 52 847 8454,Baku,27 Mar 26,26/04/2026,6k,Confirmed
Alexander Date,alexander.date@hotmail.co.uk,+971 52 115 1225,Paris,2026-02-09,1 Mar 26,9400,Confirmed
Anika Krishnamurthy,anika.krishnamurthy@hotmail.com,+971 56 304 8907,Istanbul,16/02/2026,2026-06-12,3.9k,Pending
Margaret Taylor,margaret.taylor@yahoo.com,+971 52 443 7001,London,19 Mar 26,2026-06-10,3.1k,Cancelled
Umang Kennedy,umang.kennedy@hotmail.com,+971 52 374 0036,Phuket,06/04/2026,11/07/2026,8300,Confirmed
Isaac Saran,isaac.saran@outlook.com,528548432,London,2026-06-26,3 Oct 26,"AED 6,100",Confirmed
Thomas Kanda,thomas.kanda@gmail.com,567411939,Phuket,19 Jun 26,10 Dec 26,8700,Confirmed
Marilyn Davies,marilyn.davies@hotmail.co.uk,+971 50 743 4500,Paris,6 Jun 26,9 Oct 26,6.8k,Cancelled
Marie Balay,marie.balay@yahoo.com,509906820,Paris,06/02/2026,2026-03-11,"AED 14,400",Confirmed
Elliot Jackson,elliot.jackson@hotmail.co.uk,050 005 9486,Bali,2026-01-15,10 May 26,7.5k,Cancelled
Meghana Dhar,meghana.dhar@outlook.com,+971 52 544 0561,Maldives,2026-02-24,08/06/2026,"AED 7,400",Confirmed
Antony Sabharwal,antony.sabharwal@outlook.com,+971 55 887 4152,Phuket,2026-04-14,2026-08-11,"AED 14,400",Cancelled
Falak Murphy,,504107776,Tbilisi,2026-05-28,11/07/2026,1100,Confirmed
